Sample_Order,Point_ID,Latitude,Longitude,Original_Class
1,13059,39.816711733461,32.816263596178,Grass/Steppe/Herbaceous
2,18658,39.819739460915,32.815047371072,Tree/Shrub
3,4876,39.828732912253,32.831800153893,Tree/Shrub
4,7511,39.826797051513,32.843287348019,Tree/Shrub
5,12090,39.826675425018,32.836043442518,Tree/Shrub
6,1575,39.824081206079,32.835977407007,Grass/Steppe/Herbaceous
7,18826,39.821412943207,32.831636847308,Impervious Road
8,18334,39.825545018116,32.829164574641,Tree/Shrub
9,4921,39.822430107105,32.822828004549,Grass/Steppe/Herbaceous
10,14682,39.833449047900,32.829530396714,Tree/Shrub
11,17182,39.824594212557,32.836658790908,Grass/Steppe/Herbaceous
12,5124,39.827255310264,32.842591339355,Tree/Shrub
13,5473,39.827591181498,32.844641483524,Tree/Shrub
14,15819,39.820644346930,32.812917995939,Grass/Steppe/Herbaceous
15,10378,39.819705851907,32.815237498996,Tree/Shrub
16,20121,39.814108614758,32.821339762671,Tree/Shrub
17,1750,39.822854846913,32.815746984173,Impervious Road
18,7504,39.826127561441,32.830506778390,Tree/Shrub
19,4421,39.827426605082,32.838288338641,Grass/Steppe/Herbaceous
20,12580,39.825096755336,32.821704206975,Tree/Shrub
21,13694,39.827462672309,32.841724629337,Grass/Steppe/Herbaceous
22,9144,39.821389526434,32.827896867429,Tree/Shrub
23,15117,39.824857029690,32.835256582484,Tree/Shrub
24,16820,39.826287020458,32.827998236066,Tree/Shrub
25,13029,39.830366478175,32.825552731335,Tree/Shrub
26,16670,39.827424865814,32.839380174607,Tree/Shrub
27,9877,39.820322345389,32.814514450650,Grass/Steppe/Herbaceous
28,12937,39.823024786060,32.835894715826,Tree/Shrub
29,6427,39.831677210701,32.835070287155,Tree/Shrub
30,17625,39.831232824593,32.839054537661,Tree/Shrub
31,793,39.815455080088,32.821895230270,Tree/Shrub
32,15636,39.815574410666,32.823320248711,Grass/Steppe/Herbaceous
33,10328,39.824956581573,32.819002995298,Tree/Shrub
34,1785,39.822737798300,32.822909428405,Grass/Steppe/Herbaceous
35,14140,39.827771414057,32.833902151434,Soil/Bare Ground
36,3235,39.822821178826,32.834536817389,Grass/Steppe/Herbaceous
37,11770,39.828538756508,32.847077370767,Tree/Shrub
38,8048,39.820688669861,32.833209896172,Tree/Shrub
39,7276,39.818991880016,32.814621739315,Grass/Steppe/Herbaceous
40,6851,39.828217168726,32.841089065052,Tree/Shrub
41,2821,39.819037083854,32.823861503588,Grass/Steppe/Herbaceous
42,18245,39.820731520947,32.820895525868,Grass/Steppe/Herbaceous
43,14525,39.817100363864,32.823562692713,Grass/Steppe/Herbaceous
44,18209,39.823486420975,32.815286191446,Grass/Steppe/Herbaceous
45,16179,39.832208946447,32.838820563284,Grass/Steppe/Herbaceous
46,7523,39.816232543364,32.824111866218,Grass/Steppe/Herbaceous
47,5973,39.827509174072,32.840506441035,Tree/Shrub
48,11131,39.821215106985,32.824613663271,Tree/Shrub
49,1311,39.831081917266,32.826135991060,Tree/Shrub
50,8947,39.823003051928,32.814577277578,Tree/Shrub
51,17674,39.821060090126,32.822565918232,Tree/Shrub
52,12209,39.816692316847,32.824375113903,Tree/Shrub
53,10383,39.831334621091,32.836080700140,Tree/Shrub
54,11786,39.821622314230,32.834288816364,Tree/Shrub
55,8016,39.825453344814,32.820754799512,Tree/Shrub
56,7844,39.828628537073,32.826200303331,Tree/Shrub
57,8939,39.827027843565,32.847755640231,Tree/Shrub
58,18397,39.826303011735,32.823388602007,Tree/Shrub
59,2446,39.818207942928,32.813597627577,Tree/Shrub
60,1865,39.826811984128,32.838539313104,Tree/Shrub
61,15473,39.816749465101,32.822725307619,Tree/Shrub
62,15787,39.827923238750,32.844743007474,Tree/Shrub
63,1646,39.821353668751,32.830748204463,Tree/Shrub
64,9099,39.832047695398,32.839966514829,Tree/Shrub
65,16817,39.821246598707,32.830841198419,Tree/Shrub
66,14030,39.831302592725,32.841334816311,Impervious Road
67,5810,39.826828502341,32.836130084689,Tree/Shrub
68,15806,39.827579278612,32.826587628948,Tree/Shrub
69,6487,39.832366963949,32.838853282471,Tree/Shrub
70,13866,39.825696712395,32.820015841095,Tree/Shrub
71,18016,39.831937549187,32.839554533814,Tree/Shrub
72,7394,39.820299004528,32.813449975577,Grass/Steppe/Herbaceous
73,9958,39.826055712223,32.829927245444,Grass/Steppe/Herbaceous
74,6039,39.827302849552,32.842180193378,Tree/Shrub
75,8215,39.827139577841,32.848891366127,Soil/Bare Ground
76,18453,39.823708273965,32.814749626569,Tree/Shrub
77,5505,39.824287701146,32.814552432893,Grass/Steppe/Herbaceous
78,18069,39.829986751675,32.825985222265,Tree/Shrub
79,6399,39.820573034436,32.813172949270,Tree/Shrub
80,6724,39.820664014892,32.832815441440,Tree/Shrub
81,16080,39.827643867860,32.835996123362,Tree/Shrub
82,332,39.819028722009,32.832462071975,Grass/Steppe/Herbaceous
83,13251,39.831223546300,32.827861407134,Tree/Shrub
84,4548,39.821718579672,32.828486386205,Tree/Shrub
85,4650,39.828533324427,32.838555667303,Tree/Shrub
86,18862,39.826887511248,32.828956789405,Tree/Shrub
87,8457,39.827918396743,32.846280283875,Grass/Steppe/Herbaceous
88,13921,39.821299623911,32.823040834430,Grass/Steppe/Herbaceous
89,15100,39.829182252005,32.843850086238,Tree/Shrub
90,9711,39.816826443816,32.814725591569,Grass/Steppe/Herbaceous
91,7524,39.819783308729,32.816128969022,Tree/Shrub
92,3663,39.827059866881,32.826584938440,Grass/Steppe/Herbaceous
93,14753,39.819158868500,32.821923097641,Tree/Shrub
94,1517,39.831807546124,32.828915323981,Tree/Shrub
95,417,39.821387975002,32.822988785038,Grass/Steppe/Herbaceous
96,15619,39.827831392358,32.825078284792,Grass/Steppe/Herbaceous
97,20051,39.815976998520,32.822653192291,Tree/Shrub
98,5038,39.827169461747,32.837557103593,Tree/Shrub
99,834,39.831647384004,32.835321337905,Tree/Shrub
100,18924,39.824969011807,32.817927282765,Grass/Steppe/Herbaceous
101,13610,39.818617298440,32.820799277876,Impervious Road
102,4168,39.821997089485,32.828984287736,Soil/Bare Ground
103,4104,39.829721758323,32.830860340765,Tree/Shrub
104,18196,39.820649423952,32.829385818256,Tree/Shrub
105,9296,39.832459940221,32.832099644466,Tree/Shrub
106,18045,39.830805590071,32.835729522365,Tree/Shrub
107,1016,39.827095421187,32.835105757354,Tree/Shrub
108,14833,39.831461346409,32.825628760296,Grass/Steppe/Herbaceous
109,8565,39.827060281378,32.837427152814,Grass/Steppe/Herbaceous
110,10489,39.827621880377,32.835332982989,Tree/Shrub
111,11966,39.824949381272,32.815574932898,Tree/Shrub
112,10142,39.815904474527,32.816286467572,Soil/Bare Ground
113,15877,39.819116375889,32.823385233969,Tree/Shrub
114,9542,39.819854635437,32.813347984867,Tree/Shrub
115,15893,39.822607353174,32.836468196782,Tree/Shrub
116,387,39.830229642491,32.844534412926,Grass/Steppe/Herbaceous
117,10050,39.814859901372,32.821360606401,Tree/Shrub
118,907,39.821193056578,32.828000090903,Tree/Shrub
119,7316,39.827260896546,32.823294976374,Tree/Shrub
120,6541,39.819631795272,32.822513376814,Grass/Steppe/Herbaceous
121,12646,39.828673693071,32.833071779023,Tree/Shrub
122,12504,39.825671163584,32.819926356101,Tree/Shrub
123,3294,39.828224447493,32.845648264490,Tree/Shrub
124,11763,39.823080459889,32.833597957146,Tree/Shrub
125,17688,39.827381000783,32.845502771580,Tree/Shrub
126,12233,39.816746821334,32.821831989306,Tree/Shrub
127,9086,39.826544790799,32.846241746772,Tree/Shrub
128,16050,39.819971688257,32.829910744173,Tree/Shrub
129,978,39.817806826168,32.814134035254,Grass/Steppe/Herbaceous
130,9007,39.822078900885,32.827461744823,Tree/Shrub
131,18909,39.831933466943,32.840236591017,Tree/Shrub
132,14764,39.827401502807,32.837145643005,Tree/Shrub
133,19799,39.831456129786,32.837228987074,Tree/Shrub
134,12657,39.831922579505,32.842887633721,Grass/Steppe/Herbaceous
135,19738,39.827979758037,32.844478340567,Tree/Shrub
136,15365,39.817678595025,32.823919396724,Tree/Shrub
137,8303,39.815791646149,32.815509488211,Grass/Steppe/Herbaceous
138,7530,39.822390031401,32.835148520656,Grass/Steppe/Herbaceous
139,2757,39.819999859221,32.814694940205,Tree/Shrub
140,16599,39.832357833669,32.833137420951,Tree/Shrub
141,18614,39.823868608841,32.834670168365,Tree/Shrub
142,8280,39.816315591745,32.814828232804,Grass/Steppe/Herbaceous
143,17218,39.822366825153,32.825436321468,Tree/Shrub
144,7494,39.826882133210,32.822533381527,Grass/Steppe/Herbaceous
145,4375,39.833129992088,32.830900429660,Grass/Steppe/Herbaceous
146,3501,39.824428293977,32.835963446501,Tree/Shrub
147,1454,39.828581557256,32.826221309532,Tree/Shrub
148,13218,39.820450720364,32.829433716872,Tree/Shrub
149,15288,39.827395047887,32.825324704034,Grass/Steppe/Herbaceous
150,15514,39.821977015784,32.814901222954,Tree/Shrub
151,1959,39.816615981425,32.823765867105,Grass/Steppe/Herbaceous
152,16628,39.828189957564,32.841871545786,Tree/Shrub
153,19367,39.818570643383,32.822803733560,Tree/Shrub
154,15675,39.823507233054,32.815265414276,Grass/Steppe/Herbaceous
155,8647,39.822996406839,32.815833873999,Tree/Shrub
156,8389,39.823039072211,32.834053494561,Tree/Shrub
157,12145,39.821653707473,32.834295623924,Tree/Shrub
158,7906,39.826177278019,32.830161891601,Grass/Steppe/Herbaceous
159,17207,39.821784908408,32.813873233011,Grass/Steppe/Herbaceous
160,19349,39.823824988284,32.835903740712,Tree/Shrub
161,558,39.831016424241,32.838706156085,Tree/Shrub
162,18163,39.825569728082,32.846061259977,Tree/Shrub
163,6223,39.817349006480,32.824406340805,Tree/Shrub
164,13729,39.823123990443,32.814481937029,Grass/Steppe/Herbaceous
165,1870,39.826738427761,32.834812085193,Tree/Shrub
166,12357,39.823360915534,32.837052274335,Tree/Shrub
167,16741,39.824317444853,32.835084675500,Tree/Shrub
168,2523,39.818900480610,32.822174938085,Tree/Shrub
169,17393,39.827512174665,32.847480696803,Tree/Shrub
170,16245,39.827060231482,32.824661789124,Tree/Shrub
171,14050,39.831914995320,32.834608656817,Tree/Shrub
172,14690,39.822367302729,32.831641088053,Impervious Road
173,14420,39.822069688205,32.834484039951,Tree/Shrub
174,10896,39.825987906603,32.835697570844,Tree/Shrub
175,2043,39.824845043646,32.820969744706,Tree/Shrub
176,19297,39.821725146461,32.814313373129,Grass/Steppe/Herbaceous
177,3011,39.819741012584,32.814396428693,Grass/Steppe/Herbaceous
178,6182,39.814388284409,32.821913537969,Grass/Steppe/Herbaceous
179,3640,39.825984484277,32.844939552226,Grass/Steppe/Herbaceous
180,15104,39.832624358440,32.831733100611,Grass/Steppe/Herbaceous
181,5947,39.825073485120,32.819099250513,Tree/Shrub
182,12002,39.826535501722,32.827204840470,Grass/Steppe/Herbaceous
183,6578,39.825784384271,32.817253398700,Tree/Shrub
184,12119,39.823800118766,32.834827004737,Tree/Shrub
185,4044,39.817376896559,32.822039487247,Grass/Steppe/Herbaceous
186,19174,39.826562162083,32.823619337532,Soil/Bare Ground
187,3407,39.829308777146,32.843800420594,Tree/Shrub
188,4912,39.820481687222,32.820625857461,Tree/Shrub
189,17243,39.821529743371,32.813251357332,Tree/Shrub
190,5139,39.822122323385,32.821680422955,Tree/Shrub
191,6466,39.826700954331,32.826078933221,Tree/Shrub
192,8402,39.826099646762,32.835446785306,Tree/Shrub
193,3793,39.832724018212,32.833059794738,Tree/Shrub
194,7976,39.829741654169,32.831033592972,Tree/Shrub
195,13963,39.822729162799,32.822435503803,Tree/Shrub
196,9643,39.815636041672,32.821300025362,Tree/Shrub
197,6484,39.823248680702,32.815663104206,Grass/Steppe/Herbaceous
198,9807,39.826084581855,32.817075092317,Tree/Shrub
199,9591,39.817719489856,32.821821756994,Tree/Shrub
200,11922,39.819758186046,32.828583675439,Grass/Steppe/Herbaceous
201,5822,39.832693792242,32.839050113725,Grass/Steppe/Herbaceous
202,4479,39.822374057072,32.831840887964,Impervious Road
203,16314,39.817097917256,32.821610742333,Grass/Steppe/Herbaceous
204,16836,39.821097795090,32.834223489519,Tree/Shrub
205,18247,39.815921587933,32.815118675347,Grass/Steppe/Herbaceous
206,13957,39.814104990405,32.821416268049,Grass/Steppe/Herbaceous
207,3754,39.822113243089,32.813574497874,Tree/Shrub
208,18373,39.816964608504,32.821275189250,Tree/Shrub
209,19256,39.831356161446,32.826366888022,Tree/Shrub
210,13411,39.821214600789,32.828048435482,Tree/Shrub
211,5266,39.831409462833,32.839680645922,Tree/Shrub
212,6239,39.828171495060,32.844789125859,Tree/Shrub
213,11286,39.821888594056,32.815097512964,Tree/Shrub
214,56,39.829507945475,32.832340259548,Tree/Shrub
215,4515,39.828826404435,32.839522324411,Tree/Shrub
216,15744,39.826768423889,32.828161513720,Tree/Shrub
217,18459,39.825563472424,32.821218638299,Tree/Shrub
218,10921,39.822027025495,32.826578037298,Tree/Shrub
219,19766,39.826658066026,32.828777096167,Tree/Shrub
220,1781,39.831224154876,32.839703899189,Tree/Shrub
221,11746,39.818639670713,32.824055150483,Tree/Shrub
222,11769,39.820504442318,32.831705904340,Tree/Shrub
223,1869,39.824129581281,32.834912554983,Tree/Shrub
224,18455,39.827086560365,32.836577623773,Tree/Shrub
225,7908,39.831979216013,32.844014089869,Tree/Shrub
226,10879,39.820032493399,32.822436491499,Tree/Shrub
227,14740,39.822613400870,32.826297823873,Tree/Shrub
228,14000,39.825273700044,32.834937548307,Tree/Shrub
229,12962,39.817167976977,32.821823949662,Tree/Shrub
230,2701,39.818340389397,32.821256094340,Grass/Steppe/Herbaceous
231,18694,39.828447852370,32.844986289172,Tree/Shrub
232,16159,39.817356759810,32.823589834838,Grass/Steppe/Herbaceous
233,11730,39.825877960482,32.827390615254,Grass/Steppe/Herbaceous
234,16370,39.832755488293,32.827155568151,Tree/Shrub
235,12776,39.823836784994,32.815755306187,Grass/Steppe/Herbaceous
236,8257,39.833030499848,32.833170312381,Grass/Steppe/Herbaceous
237,11352,39.817559533036,32.823570025232,Tree/Shrub
238,4288,39.831388719003,32.825115827933,Tree/Shrub
239,18044,39.829661055451,32.831838998304,Tree/Shrub
240,8226,39.827504316779,32.825665211329,Tree/Shrub
241,5268,39.832310176712,32.834558723204,Tree/Shrub
242,4336,39.821763305267,32.831131399478,Tree/Shrub
243,17679,39.830910372992,32.840123430461,Tree/Shrub
244,16653,39.822253957126,32.832528788080,Tree/Shrub
245,2106,39.832079224171,32.841228591663,Grass/Steppe/Herbaceous
246,14699,39.821129660584,32.834064264786,Grass/Steppe/Herbaceous
247,10157,39.829719589999,32.845205699731,Tree/Shrub
248,19308,39.824020686804,32.834463402780,Tree/Shrub
249,19075,39.823781329135,32.836096624551,Tree/Shrub
250,9785,39.831868013916,32.833527899008,Tree/Shrub
251,7762,39.829025910584,32.825565587169,Tree/Shrub
252,5403,39.824590385213,32.818425809862,Tree/Shrub
253,18880,39.820494330994,32.814034145531,Tree/Shrub
254,1432,39.832221164764,32.832915743443,Tree/Shrub
255,9955,39.818821641640,32.815947616515,Tree/Shrub
256,6250,39.822340772905,32.827936484630,Tree/Shrub
257,8640,39.823291740138,32.816242677362,Tree/Shrub
258,9329,39.820685458734,32.815578146073,Tree/Shrub
259,253,39.826280937646,32.836565733766,Grass/Steppe/Herbaceous
260,15333,39.827334501858,32.845265664180,Tree/Shrub
261,12554,39.823329969032,32.815545830222,Tree/Shrub
262,19281,39.826432453162,32.818300402754,Grass/Steppe/Herbaceous
263,12212,39.821310959162,32.820899028631,Tree/Shrub
264,1642,39.823809176231,32.835815660327,Grass/Steppe/Herbaceous
265,6553,39.827209618315,32.842644142641,Tree/Shrub
266,4028,39.826204344248,32.830103510091,Tree/Shrub
267,2906,39.828834658078,32.832188820514,Tree/Shrub
268,8240,39.831166802918,32.825136317497,Tree/Shrub
269,4011,39.822142474409,32.813428080457,Soil/Bare Ground
270,3101,39.830727250842,32.825248889099,Tree/Shrub
271,420,39.829712841119,32.829842736313,Tree/Shrub
272,69,39.816907314029,32.815062852161,Tree/Shrub
273,10545,39.833234911237,32.828116266346,Grass/Steppe/Herbaceous
274,7899,39.833036795705,32.828601955373,Tree/Shrub
275,7509,39.831318172695,32.839681953431,Tree/Shrub
276,17849,39.827903993726,32.845475910664,Tree/Shrub
277,9887,39.823487683059,32.815967614682,Grass/Steppe/Herbaceous
278,11213,39.820293817609,32.820993355996,Tree/Shrub
279,4600,39.829315469742,32.832222906890,Tree/Shrub
280,14237,39.830662399041,32.825967735029,Tree/Shrub
281,15258,39.823290169711,32.815455687135,Grass/Steppe/Herbaceous
282,1961,39.823143534396,32.835480579189,Grass/Steppe/Herbaceous
283,13867,39.814039822175,32.820978507642,Tree/Shrub
284,10891,39.822747963283,32.832266529107,Tree/Shrub
285,860,39.819953701677,32.815746631948,Tree/Shrub
286,14320,39.826802473263,32.837541298337,Tree/Shrub
287,6898,39.825512162738,32.816597358815,Tree/Shrub
288,3301,39.830577046403,32.835780734043,Tree/Shrub
289,15050,39.826144868648,32.846042327972,Tree/Shrub
290,3206,39.825590921178,32.828884625334,Tree/Shrub
291,4641,39.822871203946,32.825018048651,Tree/Shrub
292,2877,39.827880826175,32.838122416230,Tree/Shrub
293,14688,39.831249076527,32.825268869990,Tree/Shrub
294,18754,39.822021930508,32.824478777754,Tree/Shrub
295,18368,39.816282624009,32.823207210151,Tree/Shrub
296,2341,39.832431240293,32.829916855170,Tree/Shrub
297,15126,39.832499346932,32.833846636135,Grass/Steppe/Herbaceous
298,7697,39.821151365897,32.828116774105,Tree/Shrub
299,5996,39.823307359740,32.814819736136,Tree/Shrub
300,15298,39.821613997942,32.828745742654,Tree/Shrub
301,5471,39.831579413930,32.838613295341,Tree/Shrub
302,9897,39.827456547225,32.840748809631,Tree/Shrub
303,6683,39.826012784530,32.821151194958,Tree/Shrub
304,9,39.821342180061,32.834206729886,Tree/Shrub
305,15176,39.821062618348,32.814154622876,Grass/Steppe/Herbaceous
306,7846,39.818989636215,32.821663306767,Grass/Steppe/Herbaceous
307,17483,39.831347056293,32.844453118152,Tree/Shrub
308,14225,39.819541146229,32.814785925112,Grass/Steppe/Herbaceous
309,2883,39.820350932171,32.823678134655,Tree/Shrub
310,3674,39.815338617984,32.822605811220,Grass/Steppe/Herbaceous
311,468,39.826790857793,32.845857220006,Tree/Shrub
312,16267,39.830073744502,32.825230193697,Grass/Steppe/Herbaceous
313,10905,39.819519549853,32.823010060226,Tree/Shrub
314,13443,39.826140634108,32.844946961273,Tree/Shrub
315,13240,39.827044796245,32.828590508971,Tree/Shrub
316,8132,39.831979968188,32.827450678581,Tree/Shrub
317,18490,39.821301370433,32.833992232525,Tree/Shrub
318,4569,39.822736718366,32.828163239750,Tree/Shrub
319,6764,39.821960665994,32.827140138608,Tree/Shrub
320,8958,39.817087659879,32.823327210223,Grass/Steppe/Herbaceous
321,2151,39.821885155843,32.822830444349,Tree/Shrub
322,4040,39.826333609275,32.817871862591,Grass/Steppe/Herbaceous
323,1235,39.822125671720,32.834149675902,Tree/Shrub
324,15556,39.831404686329,32.835936076066,Tree/Shrub
325,6977,39.828371130525,32.838662354339,Tree/Shrub
326,2440,39.827068853280,32.845297918470,Soil/Bare Ground
327,926,39.828094620296,32.846630832813,Impervious Road
328,6546,39.828902661463,32.845095236436,Tree/Shrub
329,4015,39.813796710060,32.821492309023,Tree/Shrub
330,14178,39.821248552568,32.813662398740,Tree/Shrub
331,13276,39.818701154643,32.820699356239,Tree/Shrub
332,17009,39.824974194240,32.814385949253,Tree/Shrub
333,3595,39.818070198639,32.815909541178,Tree/Shrub
334,10596,39.829077538308,32.831379750776,Tree/Shrub
335,18261,39.826656593407,32.847184077438,Tree/Shrub
336,6082,39.817012761583,32.816251912986,Tree/Shrub
337,3346,39.820410534325,32.820985912677,Soil/Bare Ground
338,19510,39.821541039469,32.813885997195,Grass/Steppe/Herbaceous
339,13765,39.824745717708,32.835391380656,Soil/Bare Ground
340,1190,39.828008320663,32.846531872780,Water
341,6891,39.823127447733,32.815212129754,Tree/Shrub
342,12903,39.817122693382,32.822465005621,Tree/Shrub
343,15897,39.826565012308,32.844641770609,Grass/Steppe/Herbaceous
344,18329,39.831718628664,32.835216507103,Tree/Shrub
345,5035,39.830761389524,32.843880231032,Tree/Shrub
346,17405,39.830845899930,32.826394885650,Tree/Shrub
347,17942,39.821315614042,32.820551475890,Impervious Road
348,10384,39.816534397709,32.814994635302,Tree/Shrub
349,13138,39.813627429022,32.820791270231,Grass/Steppe/Herbaceous
350,851,39.828547596133,32.838357288889,Tree/Shrub
351,2337,39.820788944594,32.822964654629,Tree/Shrub
352,16311,39.827542082212,32.824938845444,Tree/Shrub
353,9139,39.825971996090,32.818791140885,Grass/Steppe/Herbaceous
354,10240,39.820740417038,32.821809369179,Soil/Bare Ground
355,20067,39.827581917491,32.846937620092,Tree/Shrub
356,9372,39.826578866645,32.846439938058,Tree/Shrub
357,3724,39.826013002611,32.844174564626,Grass/Steppe/Herbaceous
358,15125,39.825383414117,32.829185668448,Tree/Shrub
359,3027,39.820249392088,32.827949215756,Grass/Steppe/Herbaceous
360,9802,39.825762581937,32.827626321484,Impervious Road
361,19932,39.831597683444,32.835310832534,Tree/Shrub
362,17329,39.832502298551,32.832912540441,Tree/Shrub
363,9353,39.830528478593,32.844838412331,Soil/Bare Ground
364,9615,39.821623911896,32.824491449421,Tree/Shrub
365,3397,39.828510622756,32.846654573464,Soil/Bare Ground
366,5494,39.823065190288,32.816832185060,Tree/Shrub
367,9896,39.825278887486,32.820715091561,Tree/Shrub
368,5597,39.825074068315,32.815273034525,Tree/Shrub
369,12745,39.826200974428,32.828000019359,Tree/Shrub
370,13252,39.827211679299,32.841203587677,Tree/Shrub
371,17585,39.827184780279,32.842064528941,Grass/Steppe/Herbaceous
372,18151,39.826279970776,32.826194839586,Grass/Steppe/Herbaceous
373,494,39.819774887842,32.823442261394,Grass/Steppe/Herbaceous
374,14296,39.830894846205,32.837986388058,Tree/Shrub
375,6715,39.823694030059,32.817417349150,Tree/Shrub
376,4725,39.821106068876,32.834625106505,Tree/Shrub
377,11009,39.825763979793,32.821988890699,Tree/Shrub
378,19353,39.826926324820,32.837516515330,Tree/Shrub
379,3916,39.821744965202,32.820821020228,Grass/Steppe/Herbaceous
380,6931,39.824358656076,32.836533327842,Tree/Shrub
381,6445,39.825822961422,32.827468875450,Impervious Road
382,12202,39.825806288796,32.821358091718,Tree/Shrub
383,2850,39.825162300747,32.829624830239,Impervious Road
384,2169,39.832377236823,32.830226125248,Soil/Bare Ground
385,13481,39.832330872079,32.830333529284,Grass/Steppe/Herbaceous
386,4875,39.826122044405,32.834752307430,Tree/Shrub
387,14700,39.825163639627,32.816787358217,Tree/Shrub
388,5621,39.822029024114,32.814579928045,Tree/Shrub
389,488,39.821759510755,32.813409824553,Soil/Bare Ground
390,9748,39.832160851678,32.831755384350,Tree/Shrub
391,20177,39.821637565574,32.822794027516,Tree/Shrub
392,7802,39.831100866109,32.828275972524,Tree/Shrub
393,19400,39.832327817945,32.831848040884,Tree/Shrub
394,8310,39.822766939079,32.825486947335,Grass/Steppe/Herbaceous
395,6664,39.826594107039,32.845814454091,Grass/Steppe/Herbaceous
396,145,39.827193817797,32.827519215078,Tree/Shrub
397,17047,39.817760334046,32.816105975730,Grass/Steppe/Herbaceous
398,14614,39.825002551259,32.836030662270,Tree/Shrub
399,1809,39.831003940246,32.836525250651,Tree/Shrub
400,4871,39.815573685300,32.822222041179,Tree/Shrub
401,7207,39.833004435151,32.831189996245,Grass/Steppe/Herbaceous
402,3215,39.830233444355,32.844749643607,Tree/Shrub
403,10290,39.822711480713,32.823550102408,Tree/Shrub
404,17773,39.831356452735,32.842183801999,Grass/Steppe/Herbaceous
405,8237,39.832605727684,32.834454390272,Tree/Shrub
406,15826,39.825888222996,32.835931531894,Tree/Shrub
407,601,39.821984528419,32.813823060160,Tree/Shrub
408,11652,39.828432641631,32.846683969999,Tree/Shrub
409,19228,39.826887644889,32.846926200114,Tree/Shrub
410,14972,39.824503479899,32.836287045372,Tree/Shrub
411,599,39.821927173988,32.828376323570,Tree/Shrub
412,6426,39.821839307528,32.814120804582,Tree/Shrub
413,5497,39.824123736241,32.834555237571,Tree/Shrub
414,8589,39.817018479269,32.814622778719,Grass/Steppe/Herbaceous
415,17313,39.818658329669,32.823517617197,Tree/Shrub
416,7510,39.827741531751,32.833506327207,Tree/Shrub
417,13895,39.829834873703,32.825457985315,Tree/Shrub
418,665,39.816853251510,32.815128839304,Grass/Steppe/Herbaceous
419,18527,39.816884053975,32.821886976584,Tree/Shrub
420,20073,39.831367779683,32.843289222944,Tree/Shrub
421,11563,39.819531259337,32.814383791655,Grass/Steppe/Herbaceous
422,3917,39.829292079430,32.829878724760,Tree/Shrub
423,5948,39.817846031485,32.822116753475,Grass/Steppe/Herbaceous
424,17931,39.820685973785,32.822315155245,Tree/Shrub
425,14051,39.822004323542,32.826790788217,Tree/Shrub
426,12933,39.831116327267,32.843344262477,Grass/Steppe/Herbaceous
427,38,39.826284454842,32.827110503909,Soil/Bare Ground
428,4257,39.826177772174,32.822127440936,Tree/Shrub
429,13955,39.822108804213,32.828190371642,Tree/Shrub
430,9952,39.822218843653,32.821393394955,Tree/Shrub
431,11314,39.816203497165,32.823778816110,Tree/Shrub
432,5223,39.823453015977,32.814601738604,Grass/Steppe/Herbaceous
433,10256,39.821260746830,32.824296641021,Tree/Shrub
434,10648,39.822717454111,32.834021017252,Tree/Shrub
435,17403,39.833675571689,32.829006452245,Tree/Shrub
436,6419,39.831972743851,32.827795497346,Tree/Shrub
437,3935,39.832913623690,32.838928422744,Grass/Steppe/Herbaceous
438,19912,39.826920254735,32.843124054195,Tree/Shrub
439,12282,39.827517715242,32.837921302132,Tree/Shrub
440,5225,39.833377837808,32.828427912842,Grass/Steppe/Herbaceous
441,4213,39.826367452144,32.826550148875,Soil/Bare Ground
442,3997,39.831999831617,32.826839730142,Grass/Steppe/Herbaceous
443,13337,39.826867460754,32.846394210121,Tree/Shrub
444,15420,39.825400736509,32.820930102681,Tree/Shrub
445,9911,39.820911148725,32.830317441673,Tree/Shrub
446,5525,39.823358956712,32.835166844064,Tree/Shrub
447,13362,39.826363666181,32.835074056231,Tree/Shrub
448,5770,39.827026940759,32.828546696188,Tree/Shrub
449,13204,39.821435210756,32.821947860549,Tree/Shrub
450,17031,39.832253233765,32.827441997386,Grass/Steppe/Herbaceous
451,15652,39.832562851763,32.832366807699,Tree/Shrub
452,16206,39.831408801013,32.828319278863,Tree/Shrub
453,12263,39.826823376144,32.821897248926,Grass/Steppe/Herbaceous
454,17442,39.832368865512,32.833613368920,Tree/Shrub
455,6633,39.826982174829,32.844936477603,Tree/Shrub
456,7,39.826799682324,32.846934367657,Tree/Shrub
457,10930,39.820880030756,32.829279860730,Tree/Shrub
458,7240,39.820587123509,32.831027216147,Tree/Shrub
459,12286,39.830276455597,32.826082822396,Tree/Shrub
460,6665,39.828263121067,32.842003374423,Tree/Shrub
461,6357,39.827696500381,32.834478262756,Tree/Shrub
462,3911,39.822388477157,32.831665279447,Impervious Road
463,18155,39.833233031198,32.830223641908,Grass/Steppe/Herbaceous
464,17871,39.827237705368,32.823466422419,Grass/Steppe/Herbaceous
465,4222,39.824439348610,32.815084304670,Grass/Steppe/Herbaceous
466,16218,39.826950729435,32.843224500528,Tree/Shrub
467,13848,39.825363756181,32.828673085578,Tree/Shrub
468,18943,39.817656841129,32.815740585155,Grass/Steppe/Herbaceous
469,19387,39.829854440126,32.825159888086,Tree/Shrub
470,3286,39.822003135814,32.830849896015,Tree/Shrub
471,384,39.827678644702,32.842044418631,Tree/Shrub
472,19529,39.821718296957,32.833834532856,Tree/Shrub
473,17198,39.826890519837,32.845941193939,Tree/Shrub
474,5543,39.821567645576,32.813971857899,Grass/Steppe/Herbaceous
475,4209,39.820473339489,32.830200556184,Tree/Shrub
476,9581,39.825539226622,32.845648524629,Tree/Shrub
477,19394,39.821707989212,32.834117530162,Tree/Shrub
478,3367,39.826598346384,32.845682099948,Tree/Shrub
479,9861,39.823175214582,32.816332675441,Tree/Shrub
480,16105,39.822602334410,32.833416263969,Tree/Shrub
481,7853,39.831980569168,32.833463286178,Tree/Shrub
482,7727,39.820616399996,32.815043066440,Grass/Steppe/Herbaceous
483,6551,39.822622865569,32.827828411227,Impervious Road
484,1312,39.826923783539,32.846909093536,Tree/Shrub
485,395,39.820984135343,32.832792295546,Tree/Shrub
486,8434,39.824971804591,32.820472697149,Tree/Shrub
487,13006,39.828125959586,32.837557500628,Tree/Shrub
488,1172,39.825081357883,32.821473877366,Tree/Shrub
489,12638,39.827582716390,32.826317409780,Tree/Shrub
490,20222,39.820073982969,32.832829634249,Tree/Shrub
491,19807,39.818907123300,32.822251847816,Tree/Shrub
492,3740,39.833230143610,32.833185168056,Tree/Shrub
493,8644,39.828054319152,32.845281106217,Tree/Shrub
494,10138,39.823116612093,32.815588098662,Tree/Shrub
495,19406,39.831940942867,32.827770811617,Grass/Steppe/Herbaceous
496,5800,39.826414228007,32.845814180040,Tree/Shrub
497,15031,39.828496796426,32.833561529503,Tree/Shrub
498,3134,39.824484994096,32.815820460703,Tree/Shrub
499,4434,39.826529065808,32.844179017855,Tree/Shrub
500,17702,39.824242561557,32.817808944200,Impervious Road
