Candidate_ID,Dataset,Parent_region,Parent_code,iTree_label,Normalized_name,Eligible,Geometry_layer_id,Geometry_feature_id,Stable_geometry_key,Geometry_status,QA_point_lon,QA_point_lat,Notes,Source_URL,final_reason
ITC-3228,United Kingdom,England,GB-ENG,East Midlands,East Midlands,YES,ITREE-UK-SECONDARY-2015,01-001,ITREE-UK:01:001,STABLE_ITREE_PARTITION_ID; CUSTOM_POLYGON_PENDING,,,Official i-Tree secondary partition ID; exact polygon must reproduce the i-Tree partition.,https://www.itreetools.org/documents/655/Draft_metadata_and_data_sources_for_the_United_Kingdom_and_Sweden_adaptations_of_i-Tree_Canopy.pdf,Exact machine-readable polygon for the official i-Tree UK secondary partition was not identified; excluded from climate ranking rather than approximated.
ITC-3229,United Kingdom,England,GB-ENG,Eastern,Eastern,YES,ITREE-UK-SECONDARY-2015,01-002,ITREE-UK:01:002,STABLE_ITREE_PARTITION_ID; CUSTOM_POLYGON_PENDING,,,Official i-Tree secondary partition ID; exact polygon must reproduce the i-Tree partition.,https://www.itreetools.org/documents/655/Draft_metadata_and_data_sources_for_the_United_Kingdom_and_Sweden_adaptations_of_i-Tree_Canopy.pdf,Exact machine-readable polygon for the official i-Tree UK secondary partition was not identified; excluded from climate ranking rather than approximated.
ITC-3230,United Kingdom,England,GB-ENG,London,London,YES,ITREE-UK-SECONDARY-2015,01-003,ITREE-UK:01:003,STABLE_ITREE_PARTITION_ID; CUSTOM_POLYGON_PENDING,,,Official i-Tree secondary partition ID; exact polygon must reproduce the i-Tree partition.,https://www.itreetools.org/documents/655/Draft_metadata_and_data_sources_for_the_United_Kingdom_and_Sweden_adaptations_of_i-Tree_Canopy.pdf,Exact machine-readable polygon for the official i-Tree UK secondary partition was not identified; excluded from climate ranking rather than approximated.
ITC-3231,United Kingdom,England,GB-ENG,North East,North East,YES,ITREE-UK-SECONDARY-2015,01-004,ITREE-UK:01:004,STABLE_ITREE_PARTITION_ID; CUSTOM_POLYGON_PENDING,,,Official i-Tree secondary partition ID; exact polygon must reproduce the i-Tree partition.,https://www.itreetools.org/documents/655/Draft_metadata_and_data_sources_for_the_United_Kingdom_and_Sweden_adaptations_of_i-Tree_Canopy.pdf,Exact machine-readable polygon for the official i-Tree UK secondary partition was not identified; excluded from climate ranking rather than approximated.
ITC-3232,United Kingdom,England,GB-ENG,North West,North West,YES,ITREE-UK-SECONDARY-2015,01-007,ITREE-UK:01:007,STABLE_ITREE_PARTITION_ID; CUSTOM_POLYGON_PENDING,,,Official i-Tree secondary partition ID; exact polygon must reproduce the i-Tree partition.,https://www.itreetools.org/documents/655/Draft_metadata_and_data_sources_for_the_United_Kingdom_and_Sweden_adaptations_of_i-Tree_Canopy.pdf,Exact machine-readable polygon for the official i-Tree UK secondary partition was not identified; excluded from climate ranking rather than approximated.
ITC-3233,United Kingdom,England,GB-ENG,South East,South East,YES,ITREE-UK-SECONDARY-2015,01-008,ITREE-UK:01:008,STABLE_ITREE_PARTITION_ID; CUSTOM_POLYGON_PENDING,,,Official i-Tree secondary partition ID; exact polygon must reproduce the i-Tree partition.,https://www.itreetools.org/documents/655/Draft_metadata_and_data_sources_for_the_United_Kingdom_and_Sweden_adaptations_of_i-Tree_Canopy.pdf,Exact machine-readable polygon for the official i-Tree UK secondary partition was not identified; excluded from climate ranking rather than approximated.
ITC-3234,United Kingdom,England,GB-ENG,South West,South West,YES,ITREE-UK-SECONDARY-2015,01-011,ITREE-UK:01:011,STABLE_ITREE_PARTITION_ID; CUSTOM_POLYGON_PENDING,,,Official i-Tree secondary partition ID; exact polygon must reproduce the i-Tree partition.,https://www.itreetools.org/documents/655/Draft_metadata_and_data_sources_for_the_United_Kingdom_and_Sweden_adaptations_of_i-Tree_Canopy.pdf,Exact machine-readable polygon for the official i-Tree UK secondary partition was not identified; excluded from climate ranking rather than approximated.
ITC-3235,United Kingdom,England,GB-ENG,West Midlands,West Midlands,YES,ITREE-UK-SECONDARY-2015,01-012,ITREE-UK:01:012,STABLE_ITREE_PARTITION_ID; CUSTOM_POLYGON_PENDING,,,Official i-Tree secondary partition ID; exact polygon must reproduce the i-Tree partition.,https://www.itreetools.org/documents/655/Draft_metadata_and_data_sources_for_the_United_Kingdom_and_Sweden_adaptations_of_i-Tree_Canopy.pdf,Exact machine-readable polygon for the official i-Tree UK secondary partition was not identified; excluded from climate ranking rather than approximated.
ITC-3236,United Kingdom,England,GB-ENG,Yorkshire and the Humber,Yorkshire and the Humber,YES,ITREE-UK-SECONDARY-2015,01-013,ITREE-UK:01:013,STABLE_ITREE_PARTITION_ID; CUSTOM_POLYGON_PENDING,,,Official i-Tree secondary partition ID; exact polygon must reproduce the i-Tree partition.,https://www.itreetools.org/documents/655/Draft_metadata_and_data_sources_for_the_United_Kingdom_and_Sweden_adaptations_of_i-Tree_Canopy.pdf,Exact machine-readable polygon for the official i-Tree UK secondary partition was not identified; excluded from climate ranking rather than approximated.
ITC-3237,United Kingdom,Northern Ireland,GB-NIR,Belfast,Belfast,YES,ITREE-UK-SECONDARY-2015,12-001,ITREE-UK:12:001,STABLE_ITREE_PARTITION_ID; CUSTOM_POLYGON_PENDING,,,Official i-Tree secondary partition ID; exact polygon must reproduce the i-Tree partition.,https://www.itreetools.org/documents/655/Draft_metadata_and_data_sources_for_the_United_Kingdom_and_Sweden_adaptations_of_i-Tree_Canopy.pdf,Exact machine-readable polygon for the official i-Tree UK secondary partition was not identified; excluded from climate ranking rather than approximated.
ITC-3238,United Kingdom,Northern Ireland,GB-NIR,East of Northern Ireland,East of Northern Ireland,YES,ITREE-UK-SECONDARY-2015,12-003,ITREE-UK:12:003,STABLE_ITREE_PARTITION_ID; CUSTOM_POLYGON_PENDING,,,Official i-Tree secondary partition ID; exact polygon must reproduce the i-Tree partition.,https://www.itreetools.org/documents/655/Draft_metadata_and_data_sources_for_the_United_Kingdom_and_Sweden_adaptations_of_i-Tree_Canopy.pdf,Exact machine-readable polygon for the official i-Tree UK secondary partition was not identified; excluded from climate ranking rather than approximated.
ITC-3239,United Kingdom,Northern Ireland,GB-NIR,North of Northern Ireland,North of Northern Ireland,YES,ITREE-UK-SECONDARY-2015,12-004,ITREE-UK:12:004,STABLE_ITREE_PARTITION_ID; CUSTOM_POLYGON_PENDING,,,Official i-Tree secondary partition ID; exact polygon must reproduce the i-Tree partition.,https://www.itreetools.org/documents/655/Draft_metadata_and_data_sources_for_the_United_Kingdom_and_Sweden_adaptations_of_i-Tree_Canopy.pdf,Exact machine-readable polygon for the official i-Tree UK secondary partition was not identified; excluded from climate ranking rather than approximated.
ITC-3240,United Kingdom,Northern Ireland,GB-NIR,Outer Belfast,Outer Belfast,YES,ITREE-UK-SECONDARY-2015,12-002,ITREE-UK:12:002,STABLE_ITREE_PARTITION_ID; CUSTOM_POLYGON_PENDING,,,Official i-Tree secondary partition ID; exact polygon must reproduce the i-Tree partition.,https://www.itreetools.org/documents/655/Draft_metadata_and_data_sources_for_the_United_Kingdom_and_Sweden_adaptations_of_i-Tree_Canopy.pdf,Exact machine-readable polygon for the official i-Tree UK secondary partition was not identified; excluded from climate ranking rather than approximated.
ITC-3241,United Kingdom,Northern Ireland,GB-NIR,West and South of Northern Ireland,West and South of Northern Ireland,YES,ITREE-UK-SECONDARY-2015,12-005,ITREE-UK:12:005,STABLE_ITREE_PARTITION_ID; CUSTOM_POLYGON_PENDING,,,Official i-Tree secondary partition ID; exact polygon must reproduce the i-Tree partition.,https://www.itreetools.org/documents/655/Draft_metadata_and_data_sources_for_the_United_Kingdom_and_Sweden_adaptations_of_i-Tree_Canopy.pdf,Exact machine-readable polygon for the official i-Tree UK secondary partition was not identified; excluded from climate ranking rather than approximated.
ITC-3242,United Kingdom,Scotland,GB-SCT,North Scotland,North Scotland,YES,ITREE-UK-SECONDARY-2015,02-005,ITREE-UK:02:005,STABLE_ITREE_PARTITION_ID; CUSTOM_POLYGON_PENDING,,,Official i-Tree secondary partition ID; exact polygon must reproduce the i-Tree partition.,https://www.itreetools.org/documents/655/Draft_metadata_and_data_sources_for_the_United_Kingdom_and_Sweden_adaptations_of_i-Tree_Canopy.pdf,Exact machine-readable polygon for the official i-Tree UK secondary partition was not identified; excluded from climate ranking rather than approximated.
ITC-3243,United Kingdom,Scotland,GB-SCT,South Scotland,South Scotland,YES,ITREE-UK-SECONDARY-2015,02-009,ITREE-UK:02:009,STABLE_ITREE_PARTITION_ID; CUSTOM_POLYGON_PENDING,,,Official i-Tree secondary partition ID; exact polygon must reproduce the i-Tree partition.,https://www.itreetools.org/documents/655/Draft_metadata_and_data_sources_for_the_United_Kingdom_and_Sweden_adaptations_of_i-Tree_Canopy.pdf,Exact machine-readable polygon for the official i-Tree UK secondary partition was not identified; excluded from climate ranking rather than approximated.
ITC-3244,United Kingdom,Wales,GB-WLS,North Wales,North Wales,YES,ITREE-UK-SECONDARY-2015,03-006,ITREE-UK:03:006,STABLE_ITREE_PARTITION_ID; CUSTOM_POLYGON_PENDING,,,Official i-Tree secondary partition ID; exact polygon must reproduce the i-Tree partition.,https://www.itreetools.org/documents/655/Draft_metadata_and_data_sources_for_the_United_Kingdom_and_Sweden_adaptations_of_i-Tree_Canopy.pdf,Exact machine-readable polygon for the official i-Tree UK secondary partition was not identified; excluded from climate ranking rather than approximated.
ITC-3245,United Kingdom,Wales,GB-WLS,South Wales,South Wales,YES,ITREE-UK-SECONDARY-2015,03-010,ITREE-UK:03:010,STABLE_ITREE_PARTITION_ID; CUSTOM_POLYGON_PENDING,,,Official i-Tree secondary partition ID; exact polygon must reproduce the i-Tree partition.,https://www.itreetools.org/documents/655/Draft_metadata_and_data_sources_for_the_United_Kingdom_and_Sweden_adaptations_of_i-Tree_Canopy.pdf,Exact machine-readable polygon for the official i-Tree UK secondary partition was not identified; excluded from climate ranking rather than approximated.
