Candidate_ID,Parent_code,iTree_label,sgis_id,sgis_title_ko,method,anchor_iou
ITC-3333,KR-26,Buk-gu,21080,북구,PASS3_GEOMETRY_TO_SGIS_IOU,0.8028097179607935
ITC-3334,KR-26,Busanjin-gu,21050,부산진구,PASS3_GEOMETRY_TO_SGIS_IOU,0.4914286329913029
ITC-3335,KR-26,Dong-gu,21030,동구,PASS3_GEOMETRY_TO_SGIS_IOU,0.6005476623663094
ITC-3336,KR-26,Dongnae-gu,21060,동래구,PASS3_GEOMETRY_TO_SGIS_IOU,0.5691997772546104
ITC-3337,KR-26,Gangseo-gu,21120,강서구,EXACT_KOREAN_TITLE,
ITC-3338,KR-26,Geumjeong-gu,21110,금정구,PASS3_GEOMETRY_TO_SGIS_IOU,0.8090754206586434
ITC-3339,KR-26,Gijang-gun,21310,기장군,EXACT_KOREAN_TITLE,
ITC-3340,KR-26,Haeundae-gu,21090,해운대구,PASS3_GEOMETRY_TO_SGIS_IOU,0.7886438583864296
ITC-3341,KR-26,Jung-gu,21010,중구,PASS3_GEOMETRY_TO_SGIS_IOU,0.5249037196088306
ITC-3342,KR-26,Nam-gu,21070,남구,PASS3_GEOMETRY_TO_SGIS_IOU,0.8844796780308459
ITC-3343,KR-26,Saha-gu,21100,사하구,PASS3_GEOMETRY_TO_SGIS_IOU,0.755479057705083
ITC-3344,KR-26,Sasang-gu,21150,사상구,PASS3_GEOMETRY_TO_SGIS_IOU,0.7804018385161695
ITC-3345,KR-26,Seo-gu,21020,서구,PASS3_GEOMETRY_TO_SGIS_IOU,0.6592627196427494
ITC-3346,KR-26,Suyeong-gu,21140,수영구,PASS3_GEOMETRY_TO_SGIS_IOU,0.6630689626723826
ITC-3347,KR-26,Yeongdo-gu,21040,영도구,EXACT_KOREAN_TITLE,
ITC-3348,KR-26,Yeonje-gu,21130,연제구,PASS3_GEOMETRY_TO_SGIS_IOU,0.3777995256955794
ITC-3349,KR-43,Boeun-gun,33320,보은군,PASS3_GEOMETRY_TO_SGIS_IOU,0.8808123062161809
ITC-3350,KR-43,Cheongju-si,33041,청주시 상당구,PASS3_GEOMETRY_TO_SGIS_IOU,0.4071057851609149
ITC-3351,KR-43,Chungju-si,33020,충주시,PASS3_GEOMETRY_TO_SGIS_IOU,0.9108150737910251
ITC-3352,KR-43,Danyang-gun,33380,단양군,PASS3_GEOMETRY_TO_SGIS_IOU,0.8971574687392397
ITC-3353,KR-43,Eumseong-gun,33370,음성군,PASS3_GEOMETRY_TO_SGIS_IOU,0.8530584098095146
ITC-3354,KR-43,Goesan-gun,33360,괴산군,PASS3_GEOMETRY_TO_SGIS_IOU,0.8861003816391956
ITC-3355,KR-43,Jecheon-si,33030,제천시,PASS3_GEOMETRY_TO_SGIS_IOU,0.8843815675835871
ITC-3356,KR-43,Jeungpyeong-gun,33390,증평군,PASS3_GEOMETRY_TO_SGIS_IOU,0.7399072480123381
ITC-3357,KR-43,Jincheon-gun,33350,진천군,PASS3_GEOMETRY_TO_SGIS_IOU,0.86659619539228
ITC-3358,KR-43,Okcheon-gun,33330,옥천군,PASS3_GEOMETRY_TO_SGIS_IOU,0.8870482527147676
ITC-3359,KR-43,Yeongdong-gun,33340,영동군,PASS3_GEOMETRY_TO_SGIS_IOU,0.9213234050994938
ITC-3360,KR-44,Asan-si,34040,아산시,PASS3_GEOMETRY_TO_SGIS_IOU,0.8896907384075219
ITC-3361,KR-44,Boryeong-si,34030,보령시,PASS3_GEOMETRY_TO_SGIS_IOU,0.8497079524911224
ITC-3362,KR-44,Buyeo-gun,34330,부여군,PASS3_GEOMETRY_TO_SGIS_IOU,0.8904655861313066
ITC-3363,KR-44,Cheonan-si,34011,천안시 동남구,PASS3_GEOMETRY_TO_SGIS_IOU,0.6323238606222634
ITC-3364,KR-44,Cheongyang-gun,34350,청양군,PASS3_GEOMETRY_TO_SGIS_IOU,0.8720533025017613
ITC-3365,KR-44,Dangjin-si,34080,당진시,PASS3_GEOMETRY_TO_SGIS_IOU,0.8876880016837981
ITC-3366,KR-44,Geumsan-gun,34310,금산군,PASS3_GEOMETRY_TO_SGIS_IOU,0.8984492940641516
ITC-3367,KR-44,Gongju-si,34020,공주시,PASS3_GEOMETRY_TO_SGIS_IOU,0.912075416988671
ITC-3368,KR-44,Gyeryong-si,34070,계룡시,PASS3_GEOMETRY_TO_SGIS_IOU,0.7245162616150295
ITC-3369,KR-44,Hongseong-gun,34360,홍성군,PASS3_GEOMETRY_TO_SGIS_IOU,0.8271527055159202
ITC-3370,KR-44,Nonsan-si,34060,논산시,PASS3_GEOMETRY_TO_SGIS_IOU,0.8808014718876805
ITC-3371,KR-44,Seocheon-gun,34340,서천군,PASS3_GEOMETRY_TO_SGIS_IOU,0.8231214275851869
ITC-3372,KR-44,Seosan-si,34050,서산시,PASS3_GEOMETRY_TO_SGIS_IOU,0.833054212826018
ITC-3373,KR-44,Taean-gun,34380,태안군,PASS3_GEOMETRY_TO_SGIS_IOU,0.8542100584469988
ITC-3374,KR-44,Yesan-gun,34370,예산군,PASS3_GEOMETRY_TO_SGIS_IOU,0.8614892662120156
ITC-3375,KR-27,Buk-gu,22050,북구,PASS3_GEOMETRY_TO_SGIS_IOU,0.805790015265557
ITC-3376,KR-27,Dalseo-gu,22070,달서구,PASS3_GEOMETRY_TO_SGIS_IOU,0.7251711076062249
ITC-3377,KR-27,Dalseong-gun,22310,달성군,EXACT_KOREAN_TITLE,
ITC-3378,KR-27,Dong-gu,22020,동구,PASS3_GEOMETRY_TO_SGIS_IOU,0.881560610919937
ITC-3379,KR-27,Jung-gu,22010,중구,PASS3_GEOMETRY_TO_SGIS_IOU,0.42235368486671326
ITC-3380,KR-27,Nam-gu,22040,남구,PASS3_GEOMETRY_TO_SGIS_IOU,0.6125567328345143
ITC-3381,KR-27,Seo-gu,22030,서구,PASS3_GEOMETRY_TO_SGIS_IOU,0.550844824412026
ITC-3382,KR-27,Suseong-gu,22060,수성구,PASS3_GEOMETRY_TO_SGIS_IOU,0.7805974651393557
ITC-3383,KR-30,Daedeok-gu,25050,대덕구,PASS3_GEOMETRY_TO_SGIS_IOU,0.6621768068994912
ITC-3384,KR-30,Dong-gu,25010,동구,EXACT_KOREAN_TITLE,
ITC-3385,KR-30,Jung-gu,25020,중구,PASS3_GEOMETRY_TO_SGIS_IOU,0.7131594476809622
ITC-3386,KR-30,Seo-gu,25030,서구,PASS3_GEOMETRY_TO_SGIS_IOU,0.7336485321765649
ITC-3387,KR-30,Yuseong-gu,25040,유성구,PASS3_GEOMETRY_TO_SGIS_IOU,0.8266732276816618
ITC-3388,KR-42,Cheorwon-gun,32360,철원군,PASS3_GEOMETRY_TO_SGIS_IOU,0.7271635777747869
ITC-3389,KR-42,Chuncheon-si,32010,춘천시,PASS3_GEOMETRY_TO_SGIS_IOU,0.8956806240664864
ITC-3390,KR-42,Donghae-si,32040,동해시,PASS3_GEOMETRY_TO_SGIS_IOU,0.8114273883375368
ITC-3391,KR-42,Gangneung-si,32030,강릉시,PASS3_GEOMETRY_TO_SGIS_IOU,0.9027611116532182
ITC-3392,KR-42,Goseong-gun,32400,고성군,PASS3_GEOMETRY_TO_SGIS_IOU,0.9066821864746725
ITC-3393,KR-42,Hoengseong-gun,32320,횡성군,PASS3_GEOMETRY_TO_SGIS_IOU,0.8823509354075499
ITC-3394,KR-42,Hongcheon-gun,32310,홍천군,PASS3_GEOMETRY_TO_SGIS_IOU,0.8947505045276488
ITC-3395,KR-42,Hwacheon-gun,32370,화천군,PASS3_GEOMETRY_TO_SGIS_IOU,0.8162896313014706
ITC-3396,KR-42,Inje-gun,32390,인제군,PASS3_GEOMETRY_TO_SGIS_IOU,0.9164724497716609
ITC-3397,KR-42,Jeongseon-gun,32350,정선군,PASS3_GEOMETRY_TO_SGIS_IOU,0.9054625481353896
ITC-3398,KR-42,Pyeongchang-gun,32340,평창군,PASS3_GEOMETRY_TO_SGIS_IOU,0.9086427693843405
ITC-3399,KR-42,Samcheok-si,32070,삼척시,PASS3_GEOMETRY_TO_SGIS_IOU,0.9258027058771544
ITC-3400,KR-42,Sokcho-si,32060,속초시,PASS3_GEOMETRY_TO_SGIS_IOU,0.6933891257155375
ITC-3401,KR-42,Taebaek-si,32050,태백시,PASS3_GEOMETRY_TO_SGIS_IOU,0.8345695876161691
ITC-3402,KR-42,Wonju-si,32020,원주시,PASS3_GEOMETRY_TO_SGIS_IOU,0.8878577796725734
ITC-3403,KR-42,Yanggu-gun,32380,양구군,PASS3_GEOMETRY_TO_SGIS_IOU,0.8622441023727333
ITC-3404,KR-42,Yangyang-gun,32410,양양군,PASS3_GEOMETRY_TO_SGIS_IOU,0.8831663905063578
ITC-3405,KR-42,Yeongwol-gun,32330,영월군,PASS3_GEOMETRY_TO_SGIS_IOU,0.8596852983069555
ITC-3406,KR-29,Buk-gu,24040,북구,PASS3_GEOMETRY_TO_SGIS_IOU,0.8298831328908971
ITC-3407,KR-29,Dong-gu,24010,동구,EXACT_KOREAN_TITLE,
ITC-3408,KR-29,Gwangsan-gu,24050,광산구,EXACT_KOREAN_TITLE,
ITC-3409,KR-29,Nam-gu,24030,남구,EXACT_KOREAN_TITLE,
ITC-3410,KR-29,Seo-gu,24020,서구,EXACT_KOREAN_TITLE,
ITC-3411,KR-41,Ansan-si,31092,안산시 단원구,PASS3_GEOMETRY_TO_SGIS_IOU,0.49166691920734307
ITC-3412,KR-41,Anseong-si,31220,안성시,PASS3_GEOMETRY_TO_SGIS_IOU,0.8497989134782753
ITC-3413,KR-41,Anyang-si,31041,안양시 만안구,PASS3_GEOMETRY_TO_SGIS_IOU,0.3712962628512844
ITC-3414,KR-41,Bucheon-si,31050,부천시,PASS3_GEOMETRY_TO_SGIS_IOU,0.6644324471435411
ITC-3415,KR-41,Dongducheon-si,31080,동두천시,PASS3_GEOMETRY_TO_SGIS_IOU,0.7563689924939723
ITC-3416,KR-41,Gapyeong-gun,31370,가평군,PASS3_GEOMETRY_TO_SGIS_IOU,0.8981950567725081
ITC-3417,KR-41,Gimpo-si,31230,김포시,PASS3_GEOMETRY_TO_SGIS_IOU,0.7591830496337391
ITC-3418,KR-41,Goyang-si,31101,고양시 덕양구,PASS3_GEOMETRY_TO_SGIS_IOU,0.5127778843498371
ITC-3419,KR-41,Gunpo-si,31160,군포시,PASS3_GEOMETRY_TO_SGIS_IOU,0.5604550225878118
ITC-3420,KR-41,Guri-si,31120,구리시,PASS3_GEOMETRY_TO_SGIS_IOU,0.6101445989259422
ITC-3421,KR-41,Gwacheon-si,31110,과천시,PASS3_GEOMETRY_TO_SGIS_IOU,0.5218732286290461
ITC-3422,KR-41,Gwangju-si,31250,광주시,PASS3_GEOMETRY_TO_SGIS_IOU,0.8279672731471854
ITC-3423,KR-41,Gwangmyeong-si,31060,광명시,PASS3_GEOMETRY_TO_SGIS_IOU,0.6567106574633499
ITC-3424,KR-41,Hanam-si,31180,하남시,PASS3_GEOMETRY_TO_SGIS_IOU,0.6869966755162401
ITC-3425,KR-41,Hwaseong-si,31240,화성시,PASS3_GEOMETRY_TO_SGIS_IOU,0.7658052972862638
ITC-3426,KR-41,Icheon-si,31210,이천시,PASS3_GEOMETRY_TO_SGIS_IOU,0.8530255180182743
ITC-3427,KR-41,Namyangju-si,31130,남양주시,PASS3_GEOMETRY_TO_SGIS_IOU,0.8796318609953133
ITC-3428,KR-41,Osan-si,31140,오산시,PASS3_GEOMETRY_TO_SGIS_IOU,0.684328743579292
ITC-3429,KR-41,Paju-si,31200,파주시,PASS3_GEOMETRY_TO_SGIS_IOU,0.7267762632381041
ITC-3430,KR-41,Pocheon-si,31270,포천시,PASS3_GEOMETRY_TO_SGIS_IOU,0.8720446251738648
ITC-3431,KR-41,Pyeongtaek-si,31070,평택시,PASS3_GEOMETRY_TO_SGIS_IOU,0.8255660100555189
ITC-3432,KR-41,Seongnam-si,31023,성남시 분당구,PASS3_GEOMETRY_TO_SGIS_IOU,0.4613064822535262
ITC-3433,KR-41,Siheung-si,31150,시흥시,PASS3_GEOMETRY_TO_SGIS_IOU,0.7117153974609963
ITC-3434,KR-41,Suwon-si,31012,수원시 권선구,PASS3_GEOMETRY_TO_SGIS_IOU,0.32176099576075035
ITC-3435,KR-41,Uijeongbu-si,31030,의정부시,PASS3_GEOMETRY_TO_SGIS_IOU,0.7170227787098106
ITC-3436,KR-41,Uiwang-si,31170,의왕시,PASS3_GEOMETRY_TO_SGIS_IOU,0.5714271291535633
ITC-3437,KR-41,Yangju-si,31260,양주시,PASS3_GEOMETRY_TO_SGIS_IOU,0.81691137639896
ITC-3438,KR-41,Yangpyeong-gun,31380,양평군,PASS3_GEOMETRY_TO_SGIS_IOU,0.8695090396981122
ITC-3439,KR-41,Yeoju-si,31280,여주시,PASS3_GEOMETRY_TO_SGIS_IOU,0.8684887312556216
ITC-3440,KR-41,Yeoncheon-gun,31350,연천군,PASS3_GEOMETRY_TO_SGIS_IOU,0.7029921675578896
ITC-3441,KR-41,Yongin-si,31191,용인시 처인구,PASS3_GEOMETRY_TO_SGIS_IOU,0.7117227017305733
ITC-3442,KR-47,Andong-si,37040,안동시,PASS3_GEOMETRY_TO_SGIS_IOU,0.9148673831609283
ITC-3443,KR-47,Bonghwa-gun,37410,봉화군,PASS3_GEOMETRY_TO_SGIS_IOU,0.9062883935613233
ITC-3444,KR-47,Cheongdo-gun,37360,청도군,PASS3_GEOMETRY_TO_SGIS_IOU,0.893451821690886
ITC-3445,KR-47,Cheongsong-gun,37330,청송군,PASS3_GEOMETRY_TO_SGIS_IOU,0.9084118880772728
ITC-3446,KR-47,Chilgok-gun,37390,칠곡군,PASS3_GEOMETRY_TO_SGIS_IOU,0.8748436023095592
ITC-3447,KR-47,Gimcheon-si,37030,김천시,PASS3_GEOMETRY_TO_SGIS_IOU,0.922699928686096
ITC-3448,KR-47,Goryeong-gun,37370,고령군,PASS3_GEOMETRY_TO_SGIS_IOU,0.8182938070717418
ITC-3449,KR-47,Gumi-si,37050,구미시,PASS3_GEOMETRY_TO_SGIS_IOU,0.8980774808368848
ITC-3450,KR-47,Gunwi-gun,37310,군위군,PASS3_GEOMETRY_TO_SGIS_IOU,0.8729377372850384
ITC-3451,KR-47,Gyeongju-si,37020,경주시,PASS3_GEOMETRY_TO_SGIS_IOU,0.9381864944253304
ITC-3452,KR-47,Gyeongsan-si,37100,경산시,PASS3_GEOMETRY_TO_SGIS_IOU,0.8898679407306223
ITC-3453,KR-47,Mungyeong-si,37090,문경시,PASS3_GEOMETRY_TO_SGIS_IOU,0.8788018132235529
ITC-3454,KR-47,Pohang-si,37012,포항시 북구,PASS3_GEOMETRY_TO_SGIS_IOU,0.602683340145132
ITC-3455,KR-47,Sangju-si,37080,상주시,PASS3_GEOMETRY_TO_SGIS_IOU,0.9219604695844918
ITC-3456,KR-47,Seongju-gun,37380,성주군,PASS3_GEOMETRY_TO_SGIS_IOU,0.9047457945087861
ITC-3457,KR-47,Uiseong-gun,37320,의성군,PASS3_GEOMETRY_TO_SGIS_IOU,0.8982430372144724
ITC-3458,KR-47,Uljin-gun,37420,울진군,EXACT_KOREAN_TITLE,
ITC-3459,KR-47,Ulleung-gun,37430,울릉군,PASS3_GEOMETRY_TO_SGIS_IOU,0.767115324881663
ITC-3460,KR-47,Yecheon-gun,37400,예천군,PASS3_GEOMETRY_TO_SGIS_IOU,0.888566636047324
ITC-3461,KR-47,Yeongcheon-si,37070,영천시,PASS3_GEOMETRY_TO_SGIS_IOU,0.9274357098244647
ITC-3462,KR-47,Yeongdeok-gun,37350,영덕군,PASS3_GEOMETRY_TO_SGIS_IOU,0.9214116717492011
ITC-3463,KR-47,Yeongju-si,37060,영주시,PASS3_GEOMETRY_TO_SGIS_IOU,0.8981397858060246
ITC-3464,KR-47,Yeongyang-gun,37340,영양군,PASS3_GEOMETRY_TO_SGIS_IOU,0.9257769865051221
ITC-3465,KR-48,Changnyeong-gun,38330,창녕군,PASS3_GEOMETRY_TO_SGIS_IOU,0.9207427957795634
ITC-3466,KR-48,Changwon-si,38113,창원시 마산합포구,PASS3_GEOMETRY_TO_SGIS_IOU,0.3045290469720204
ITC-3467,KR-48,Geochang-gun,38390,거창군,PASS3_GEOMETRY_TO_SGIS_IOU,0.9127377751977676
ITC-3468,KR-48,Geoje-si,38090,거제시,PASS3_GEOMETRY_TO_SGIS_IOU,0.9418816766816414
ITC-3469,KR-48,Gimhae-si,38070,김해시,PASS3_GEOMETRY_TO_SGIS_IOU,0.9258225081034344
ITC-3470,KR-48,Goseong-gun,38340,고성군,PASS3_GEOMETRY_TO_SGIS_IOU,0.9013951737887843
ITC-3471,KR-48,Hadong-gun,38360,하동군,PASS3_GEOMETRY_TO_SGIS_IOU,0.9375710795106275
ITC-3472,KR-48,Haman-gun,38320,함안군,PASS3_GEOMETRY_TO_SGIS_IOU,0.9037462428240908
ITC-3473,KR-48,Hamyang-gun,38380,함양군,PASS3_GEOMETRY_TO_SGIS_IOU,0.9122936886264382
ITC-3474,KR-48,Hapcheon-gun,38400,합천군,PASS3_GEOMETRY_TO_SGIS_IOU,0.9239313585913175
ITC-3475,KR-48,Jinju-si,38030,진주시,PASS3_GEOMETRY_TO_SGIS_IOU,0.9242184385609442
ITC-3476,KR-48,Miryang-si,38080,밀양시,PASS3_GEOMETRY_TO_SGIS_IOU,0.9264195027135136
ITC-3477,KR-48,Namhae-gun,38350,남해군,PASS3_GEOMETRY_TO_SGIS_IOU,0.9084605156966519
ITC-3478,KR-48,Sacheon-si,38060,사천시,PASS3_GEOMETRY_TO_SGIS_IOU,0.8747227475943175
ITC-3479,KR-48,Sancheong-gun,38370,산청군,PASS3_GEOMETRY_TO_SGIS_IOU,0.9361111221613975
ITC-3480,KR-48,Tongyeong-si,38050,통영시,PASS3_GEOMETRY_TO_SGIS_IOU,0.7929749472190863
ITC-3481,KR-48,Uiryeong-gun,38310,의령군,PASS3_GEOMETRY_TO_SGIS_IOU,0.8805455680839632
ITC-3482,KR-48,Yangsan-si,38100,양산시,PASS3_GEOMETRY_TO_SGIS_IOU,0.9204918678952443
ITC-3483,KR-28,Bupyeong-gu,23060,부평구,PASS3_GEOMETRY_TO_SGIS_IOU,0.540049597333513
ITC-3484,KR-28,Dong-gu,23020,동구,PASS3_GEOMETRY_TO_SGIS_IOU,0.2679027448315731
ITC-3485,KR-28,Ganghwa-gun,23310,강화군,EXACT_KOREAN_TITLE,
ITC-3486,KR-28,Gyeyang-gu,23070,계양구,EXACT_KOREAN_TITLE,
ITC-3487,KR-28,Jung-gu,23010,중구,PASS3_GEOMETRY_TO_SGIS_IOU,0.8998373413785221
ITC-3488,KR-28,Michuhol-gu,23090,미추홀구,PASS3_GEOMETRY_TO_SGIS_IOU,0.6178710711293136
ITC-3489,KR-28,Namdong-gu,23050,남동구,PASS3_GEOMETRY_TO_SGIS_IOU,0.6804591707300707
ITC-3490,KR-28,Ongjin-gun,23320,옹진군,EXACT_KOREAN_TITLE,
ITC-3491,KR-28,Seo-gu,23080,서구,PASS3_GEOMETRY_TO_SGIS_IOU,0.7331408987982482
ITC-3492,KR-28,Yeonsu-gu,23040,연수구,EXACT_KOREAN_TITLE,
ITC-3493,KR-49,Jeju-si,39010,제주시,PASS3_GEOMETRY_TO_SGIS_IOU,0.9420711670154309
ITC-3494,KR-49,Seogwipo-si,39020,서귀포시,PASS3_GEOMETRY_TO_SGIS_IOU,0.9433439829795457
ITC-3495,KR-46,Boseong-gun,36360,보성군,PASS3_GEOMETRY_TO_SGIS_IOU,0.9102728364627367
ITC-3496,KR-46,Damyang-gun,36310,담양군,PASS3_GEOMETRY_TO_SGIS_IOU,0.8948502061724449
ITC-3497,KR-46,Gangjin-gun,36390,강진군,PASS3_GEOMETRY_TO_SGIS_IOU,0.8764972735924834
ITC-3498,KR-46,Goheung-gun,36350,고흥군,PASS3_GEOMETRY_TO_SGIS_IOU,0.8737205051902615
ITC-3499,KR-46,Gokseong-gun,36320,곡성군,PASS3_GEOMETRY_TO_SGIS_IOU,0.9127565379642721
ITC-3500,KR-46,Gurye-gun,36330,구례군,PASS3_GEOMETRY_TO_SGIS_IOU,0.9259289429267162
ITC-3501,KR-46,Gwangyang-si,36060,광양시,PASS3_GEOMETRY_TO_SGIS_IOU,0.9287513591969461
ITC-3502,KR-46,Haenam-gun,36400,해남군,PASS3_GEOMETRY_TO_SGIS_IOU,0.8789581804116549
ITC-3503,KR-46,Hampyeong-gun,36430,함평군,PASS3_GEOMETRY_TO_SGIS_IOU,0.8809411444982099
ITC-3504,KR-46,Hwasun-gun,36370,화순군,PASS3_GEOMETRY_TO_SGIS_IOU,0.9160645897862401
ITC-3505,KR-46,Jangheung-gun,36380,장흥군,PASS3_GEOMETRY_TO_SGIS_IOU,0.9006524990605219
ITC-3506,KR-46,Jangseong-gun,36450,장성군,PASS3_GEOMETRY_TO_SGIS_IOU,0.902722528663327
ITC-3507,KR-46,Jindo-gun,36470,진도군,PASS3_GEOMETRY_TO_SGIS_IOU,0.741519708250252
ITC-3508,KR-46,Mokpo-si,36010,목포시,PASS3_GEOMETRY_TO_SGIS_IOU,0.7929715631353835
ITC-3509,KR-46,Muan-gun,36420,무안군,PASS3_GEOMETRY_TO_SGIS_IOU,0.8913074816789925
ITC-3510,KR-46,Naju-si,36040,나주시,PASS3_GEOMETRY_TO_SGIS_IOU,0.8875981187161587
ITC-3511,KR-46,Sinan-gun,36480,신안군,PASS3_GEOMETRY_TO_SGIS_IOU,0.5220631230635355
ITC-3512,KR-46,Suncheon-si,36030,순천시,PASS3_GEOMETRY_TO_SGIS_IOU,0.9317444729517821
ITC-3513,KR-46,Wando-gun,36460,완도군,PASS3_GEOMETRY_TO_SGIS_IOU,0.7980885949914207
ITC-3514,KR-46,Yeongam-gun,36410,영암군,PASS3_GEOMETRY_TO_SGIS_IOU,0.885057425652919
ITC-3515,KR-46,Yeonggwang-gun,36440,영광군,EXACT_KOREAN_TITLE,
ITC-3516,KR-46,Yeosu-si,36020,여수시,PASS3_GEOMETRY_TO_SGIS_IOU,0.8409936461259462
ITC-3517,KR-45,Buan-gun,35380,부안군,PASS3_GEOMETRY_TO_SGIS_IOU,0.7994967261181394
ITC-3518,KR-45,Gimje-si,35060,김제시,PASS3_GEOMETRY_TO_SGIS_IOU,0.8486663755967021
ITC-3519,KR-45,Gochang-gun,35370,고창군,PASS3_GEOMETRY_TO_SGIS_IOU,0.900773059047659
ITC-3520,KR-45,Gunsan-si,35020,군산시,PASS3_GEOMETRY_TO_SGIS_IOU,0.7270119425515233
ITC-3521,KR-45,Iksan-si,35030,익산시,PASS3_GEOMETRY_TO_SGIS_IOU,0.9113979609015488
ITC-3522,KR-45,Imsil-gun,35350,임실군,PASS3_GEOMETRY_TO_SGIS_IOU,0.8895225632622503
ITC-3523,KR-45,Jangsu-gun,35340,장수군,PASS3_GEOMETRY_TO_SGIS_IOU,0.8786029440705201
ITC-3524,KR-45,Jeongeup-si,35040,정읍시,PASS3_GEOMETRY_TO_SGIS_IOU,0.9134486873762102
ITC-3525,KR-45,Jeonju-si,35012,전주시 덕진구,PASS3_GEOMETRY_TO_SGIS_IOU,0.44958143906529924
ITC-3526,KR-45,Jinan-gun,35320,진안군,PASS3_GEOMETRY_TO_SGIS_IOU,0.918414059180717
ITC-3527,KR-45,Muju-gun,35330,무주군,PASS3_GEOMETRY_TO_SGIS_IOU,0.9197410341174734
ITC-3528,KR-45,Namwon-si,35050,남원시,PASS3_GEOMETRY_TO_SGIS_IOU,0.9055584150741329
ITC-3529,KR-45,Sunchang-gun,35360,순창군,PASS3_GEOMETRY_TO_SGIS_IOU,0.8741764087043249
ITC-3530,KR-45,Wanju-gun,35310,완주군,PASS3_GEOMETRY_TO_SGIS_IOU,0.8610448652883045
ITC-3531,KR-50,Sejong-si,29,세종특별자치시,EXACT_KOREAN_TITLE,
ITC-3532,KR-11,Dobong-gu,11100,도봉구,PASS3_GEOMETRY_TO_SGIS_IOU,0.5795770013885471
ITC-3533,KR-11,Dongdaemun-gu,11060,동대문구,PASS3_GEOMETRY_TO_SGIS_IOU,0.4358098097698123
ITC-3534,KR-11,Dongjak-gu,11200,동작구,PASS3_GEOMETRY_TO_SGIS_IOU,0.42177517061512304
ITC-3535,KR-11,Eunpyeong-gu,11120,은평구,PASS3_GEOMETRY_TO_SGIS_IOU,0.5203717895281456
ITC-3536,KR-11,Gangbuk-gu,11090,강북구,PASS3_GEOMETRY_TO_SGIS_IOU,0.5832759569622813
ITC-3537,KR-11,Gangdong-gu,11250,강동구,PASS3_GEOMETRY_TO_SGIS_IOU,0.5594274337767222
ITC-3538,KR-11,Gangnam-gu,11230,강남구,PASS3_GEOMETRY_TO_SGIS_IOU,0.580046801049602
ITC-3539,KR-11,Gangseo-gu,11160,강서구,PASS3_GEOMETRY_TO_SGIS_IOU,0.6481372252119615
ITC-3540,KR-11,Geumcheon-gu,11180,금천구,PASS3_GEOMETRY_TO_SGIS_IOU,0.6782284610304721
ITC-3541,KR-11,Guro-gu,11170,구로구,PASS3_GEOMETRY_TO_SGIS_IOU,0.42306831921069843
ITC-3542,KR-11,Gwanak-gu,11210,관악구,PASS3_GEOMETRY_TO_SGIS_IOU,0.573519698189827
ITC-3543,KR-11,Gwangjin-gu,11050,광진구,PASS3_GEOMETRY_TO_SGIS_IOU,0.5195926406449288
ITC-3544,KR-11,Jongno-gu,11010,종로구,PASS3_GEOMETRY_TO_SGIS_IOU,0.4573895906633079
ITC-3545,KR-11,Jung-gu,11020,중구,PASS3_GEOMETRY_TO_SGIS_IOU,0.1878964796344335
ITC-3546,KR-11,Jungnang-gu,11070,중랑구,PASS3_GEOMETRY_TO_SGIS_IOU,0.6008223061374797
ITC-3547,KR-11,Mapo-gu,11140,마포구,PASS3_GEOMETRY_TO_SGIS_IOU,0.4616726229558456
ITC-3548,KR-11,Nowon-gu,11110,노원구,PASS3_GEOMETRY_TO_SGIS_IOU,0.6068011254793039
ITC-3549,KR-11,Seocho-gu,11220,서초구,PASS3_GEOMETRY_TO_SGIS_IOU,0.5373975275278666
ITC-3550,KR-11,Seodaemun-gu,11130,서대문구,PASS3_GEOMETRY_TO_SGIS_IOU,0.4828321468974363
ITC-3551,KR-11,Seongbuk-gu,11080,성북구,PASS3_GEOMETRY_TO_SGIS_IOU,0.473007211534914
ITC-3552,KR-11,Seongdong-gu,11040,성동구,PASS3_GEOMETRY_TO_SGIS_IOU,0.4336627293492474
ITC-3553,KR-11,Songpa-gu,11240,송파구,PASS3_GEOMETRY_TO_SGIS_IOU,0.5424480838990757
ITC-3554,KR-11,Yangcheon-gu,11150,양천구,PASS3_GEOMETRY_TO_SGIS_IOU,0.40257142179712935
ITC-3555,KR-11,Yeongdeungpo-gu,11190,영등포구,PASS3_GEOMETRY_TO_SGIS_IOU,0.48917965406708325
ITC-3556,KR-11,Yongsan-gu,11030,용산구,PASS3_GEOMETRY_TO_SGIS_IOU,0.45708494566096647
ITC-3557,KR-31,Buk-gu,26040,북구,PASS3_GEOMETRY_TO_SGIS_IOU,0.8789320963081529
ITC-3558,KR-31,Dong-gu,26030,동구,PASS3_GEOMETRY_TO_SGIS_IOU,0.8247596751877637
ITC-3559,KR-31,Jung-gu,26010,중구,PASS3_GEOMETRY_TO_SGIS_IOU,0.6318827281820256
ITC-3560,KR-31,Nam-gu,26020,남구,PASS3_GEOMETRY_TO_SGIS_IOU,0.822671818084888
ITC-3561,KR-31,Ulju-gun,26310,울주군,PASS3_GEOMETRY_TO_SGIS_IOU,0.9103702876456905
